#USER 테이블 더미데이터

insert into USER (user_id, user_email, user_password, user_nickname, user_phone, user_pic) values (11839, 'haspinell0@ihg.com', '1111', '장길산', '484-224-1127', 'TinciduntEu.tiff');
insert into USER (user_id, user_email, user_password, user_nickname, user_phone, user_pic) values (15602, 'icavee1@goodreads.com', '2222', '일지매', '952-726-8095', 'MolestieSed.gif');
insert into USER (user_id, user_email, user_password, user_nickname, user_phone, user_pic) values (15972, 'spedro2@seattletimes.com', '3333', '김나예', '699-941-9854', 'Luctus.gif');
insert into USER (user_id, user_email, user_password, user_nickname, user_phone, user_pic) values (13166, 'vcesconi3@vimeo.com', '4444', '박은지', '954-333-2636', 'Non.png');
insert into USER (user_id, user_email, user_password, user_nickname, user_phone, user_pic) values (10436, 'bdeakan4@liveinternet.ru', '5555', '김보라', '702-293-7688', 'Felis.jpeg');
insert into USER (user_id, user_email, user_password, user_nickname, user_phone, user_pic) values (18457, 'jspear5@slashdot.org', 'mgobbett5', '남주혁', '871-211-0733', 'NasceturRidiculus.png');
insert into USER (user_id, user_email, user_password, user_nickname, user_phone, user_pic) values (18612, 'bknightsbridge6@go.com', 'lwharf6', '에이핑크', '619-543-7035', 'TortorDuis.jpeg');
insert into USER (user_id, user_email, user_password, user_nickname, user_phone, user_pic) values (11041, 'dreubens7@homestead.com', 'vuccello7', '트와이스', '140-563-1696', 'VulputateJusto.jpeg');
insert into USER (user_id, user_email, user_password, user_nickname, user_phone, user_pic) values (11398, 'icereceres8@squarespace.com','sdebnam8',  '차은우',  '166-539-3858', 'AtFeugiatNon.tiff');
insert into USER (user_id, user_email, user_password, user_nickname, user_phone, user_pic) values (17307, 'hpavlenko9@de.vu', 'Dn4xa7', '박보검', '709-742-6405', 'Justo.gif');
insert into USER (user_id, user_email, user_password, user_nickname, user_phone, user_pic) values (10260, 'ccamolettoa@clickbank.net','jlorenca',  '셔누', '428-670-3981', 'PedePosuere.tiff');
insert into USER (user_id, user_email, user_password, user_nickname, user_phone, user_pic) values (13449, 'dmairb@goo.gl', 'rsfrAzc1zFZ', '배달의민족', '642-518-0470', 'LoremIdLigula.png');
insert into USER (user_id, user_email, user_password, user_nickname, user_phone, user_pic) values (13646, 'ariggc@jalbum.net', '0DnKjZFMLm5', '오늘의주차', '347-395-1781', 'PrimisIn.gif');
insert into USER (user_id, user_email, user_password, user_nickname, user_phone, user_pic) values (19030, 'jcorradettid@sakura.ne.jp', 'vBjjNhT', '누네띠네', '151-381-2966', 'SitAmetCursus.tiff');
insert into USER (user_id, user_email, user_password, user_nickname, user_phone, user_pic) values (17197, 'dhamere@nationalgeographic.com', 'camC2I5V', '초코송이', '443-907-7967', 'Egestas.jpeg');
insert into USER (user_id, user_email, user_password, user_nickname, user_phone, user_pic) values (16505, 'acraythornf@bloglovin.com', 'plMgCcxHN', '빼빼로', '739-930-4236', 'Posuere.tiff');
insert into USER (user_id, user_email, user_password, user_nickname, user_phone, user_pic) values (12518, 'vhouricang@amazon.de', 'yprow66rte', '개구리', '513-603-1449', 'AugueA.png');
insert into USER (user_id, user_email, user_password, user_nickname, user_phone, user_pic) values (10686, 'jbransomh@opera.com', 'PFMUu5SNfB', '도마뱀', '194-476-0116', 'PedeMorbi.jpeg');
insert into USER (user_id, user_email, user_password, user_nickname, user_phone, user_pic) values (14839, 'mdeniseaui@arstechnica.com', '0WjHCL', '베토벤', '386-493-5718', 'JustoMaecenasRhoncus.tiff');
insert into USER (user_id, user_email, user_password, user_nickname, user_phone, user_pic) values (12534,'ocreggj@smugmug.com', '0wlfdWQ8m', '모차르트', '729-874-3336', 'Sapien.tiff');


#PARKING 테이블 더미데이터

insert into PARKINGBOARD (parking_id, owner_id, parking_type, parking_title, parking_content, parking_pic, parking_location, parking_cartype, parking_price, parking_intime, parking_outtime, parking_deleted) values (46120, 11839, '장기', 'Lethal Weapon 2', 'Donec diam neque, vestibulum eget, vulputate ut, ultrices vel, augue. Vestibulum ante ipsum primis in faucibus orci luctus et ultrices posuere cubilia Curae; Donec pharetra, magna vestibulum aliquet ultrices, erat tortor sollicitudin mi, sit amet lobortis sapien sapien non mi. Integer ac neque.

Duis bibendum. Morbi non quam nec dui luctus rutrum. Nulla tellus.', 'Risus.jpeg', '67722 6th Place', 'Ford', 23671, '2021-04-11 12:00:00', '2021-04-13 10:00:00', false);
insert into PARKINGBOARD (parking_id, owner_id, parking_type, parking_title, parking_content, parking_pic, parking_location, parking_cartype, parking_price, parking_intime, parking_outtime, parking_deleted) values (33867, 15602, '장기', 'RoboCop', 'Phasellus in felis. Donec semper sapien a libero. Nam dui.', 'Magna.jpeg', '7 Parkside Avenue', 'Lincoln', 4867 , '2021-04-01 12:00:00', '2021-04-05 10:00:00', false);
insert into PARKINGBOARD (parking_id, owner_id, parking_type, parking_title, parking_content, parking_pic, parking_location, parking_cartype, parking_price, parking_intime, parking_outtime, parking_deleted) values (38057, 15972, '단기', 'Marine Story, A', 'Nam ultrices, libero non mattis pulvinar, nulla pede ullamcorper augue, a suscipit nulla elit ac nulla. Sed vel enim sit amet nunc viverra dapibus. Nulla suscipit ligula in lacus.

Curabitur at ipsum ac tellus semper interdum. Mauris ullamcorper purus sit amet nulla. Quisque arcu libero, rutrum ac, lobortis vel, dapibus at, diam.', 'SedAccumsanFelis.jpeg', '31324 Packers Hill', 'Chrysler', 8998, '2021-04-12 12:00:00', '2021-04-12 18:00:00', false);
insert into PARKINGBOARD (parking_id, owner_id, parking_type, parking_title, parking_content, parking_pic, parking_location, parking_cartype, parking_price, parking_intime, parking_outtime, parking_deleted) values (49923, 13166, '장기', 'Lightning Bolt: The Power of Salad', 'Nulla ut erat id mauris vulputate elementum. Nullam varius. Nulla facilisi.', 'DonecPharetra.jpeg', '3 Corry Alley', 'Honda', 20551, '2021-04-06 12:00:00', '2021-04-08 09:00:00', false);
insert into PARKINGBOARD (parking_id, owner_id, parking_type, parking_title, parking_content, parking_pic, parking_location, parking_cartype, parking_price, parking_intime, parking_outtime, parking_deleted) values (35254, 10436, '단기', 'Where''s Poppa?', 'Aliquam quis turpis eget elit sodales scelerisque. Mauris sit amet eros. Suspendisse accumsan tortor quis turpis.

Sed ante. Vivamus tortor. Duis mattis egestas metus.', 'ImperdietSapien.tiff', '0 Lillian Point', 'Mitsubishi', '19999.60',  '2021-04-06 11:00:00',  '2021-04-06 20:00:00', false);

#Reservation 테이블 더미데이터

insert into RESERVATION (rsv_id, parker_id, parking_id, rsv_price, rsv_intime, rsv_outtime, rsv_datetime, rsv_states) values (65732, 10436, 46120, 3884, '2021-04-11 12:00:00', '2021-04-13 10:00:00','2021-03-03 10:00:00', 0);
insert into RESERVATION (rsv_id, parker_id, parking_id, rsv_price, rsv_intime, rsv_outtime, rsv_datetime, rsv_states) values (57909, 18457, 33867, 14572, '2021-04-01 12:00:00', '2021-04-03 10:00:00', '2021-03-03 10:00:00', 2);
insert into RESERVATION (rsv_id, parker_id, parking_id, rsv_price, rsv_intime, rsv_outtime, rsv_datetime, rsv_states) values (66552, 15602, 38057, 11218, '2021-04-12 12:00:00', '2021-04-12 14:00:00', '2021-03-03 10:00:00', 1);
insert into RESERVATION (rsv_id, parker_id, parking_id, rsv_price, rsv_intime, rsv_outtime, rsv_datetime, rsv_states) values (57179, 18612, 49923, 16103, '2021-04-07 12:00:00', '2021-04-08 09:00:00', '2021-03-03 10:00:00', 2);
insert into RESERVATION (rsv_id, parker_id, parking_id, rsv_price, rsv_intime, rsv_outtime, rsv_datetime, rsv_states) values (61637, 11041, 35254, 24988,  '2021-04-06 11:00:00',  '2021-04-06 20:00:00', '2021-04-03 10:00:00', 1);

#CarInfo

insert into carinfo (user_id, car_num, car_type, car_location) values (11398, '12가3456', 'Hyundai', '마포구');
insert into carinfo (user_id, car_num, car_type, car_location) values (13166, '12나3456', 'Volkswagen', '서대문구');
insert into carinfo (user_id, car_num, car_type, car_location) values (15972, '12다3456', 'Audi', '강서구');
insert into carinfo (user_id, car_num, car_type, car_location) values (10436, '12라3456', 'Geo', '종로구');
insert into carinfo (user_id, car_num, car_type, car_location) values (12534, '12마3456', 'Jeep', '구로구');

#ChatRoom

insert into ChatRoom (chatroom_id, rsv_id, parker_id, chatroom_datetime) values (90001, 65732, 10436, '2021-03-03 10:10:00');
insert into ChatRoom (chatroom_id, rsv_id, parker_id, chatroom_datetime) values (90002, 57909, 18457, '2021-03-03 10:20:00');
insert into ChatRoom (chatroom_id, rsv_id, parker_id, chatroom_datetime) values (90003, 66552, 15602, '2021-03-03 10:30:00');
insert into ChatRoom (chatroom_id, rsv_id, parker_id, chatroom_datetime) values (90004, 57179, 18612, '2021-03-03 10:40:00');
insert into ChatRoom (chatroom_id, rsv_id, parker_id, chatroom_datetime) values (90005, 61637, 11041, '2021-03-03 10:50:00');

#ChatMassages

insert into ChatMassages (message_id, chatroom_id, user_id, message_content, message_datetime, message_read_datetime) values (100001, 90001, 11839, '안녕하세요', '2021-03-03 10:50:00', '2021-03-03 10:55:00');
insert into ChatMassages (message_id, chatroom_id, user_id, message_content, message_datetime, message_read_datetime) values (100002, 90001, 11839, '주차장 예약하고 싶어요', '2021-03-03 10:51:00', '2021-03-03 10:55:00');
insert into ChatMassages (message_id, chatroom_id, user_id, message_content, message_datetime, message_read_datetime) values (100003, 90001, 11839, '비트캠프에서 도보 2분 맞나요?', '2021-03-03 10:52:00', '2021-03-03 10:55:00');
insert into ChatMassages (message_id, chatroom_id, user_id, message_content, message_datetime, message_read_datetime) values (100004, 90001, 10436, '맞습니다.도착시 연락주세요.', '2021-03-03 10:55:00', '2021-03-03 10:56:00');
insert into ChatMassages (message_id, chatroom_id, user_id, message_content, message_datetime, message_read_datetime) values (100005, 90001, 10436, '관리 사무실에 204호라고 얘기하시면 됩니다.', '2021-03-03 10:56:00', '2021-03-03 10:56:00');

# WishList 테이블 더미데이터

insert into WishList (wish_id, user_id, parking_id) values (75000, 11041, 35254);
insert into WishList (user_id, parking_id) values (15972 , 49923);
insert into WishList (user_id, parking_id) values (14839 , 38057);
insert into WishList (user_id, parking_id) values (18457 , 35254);
insert into WishList (user_id, parking_id) values (10686 , 49923);

# Review 테이블 더미데이터

insert into Review (review_id, user_id, rsv_id, review_date, review_content, review_rating) values (80000, 18457, 57909, '2021-04-04', '조아요 굿굿', 4 );
insert into Review (review_id, user_id, rsv_id, review_date, review_content, review_rating) values (80001, 11041, 61637,'2021-04-14', '너무 배드..', 1 );

# Notification 테이블 더미데이터

insert into Notification (not_id, user_id, parking_id, not_type, not_message, not_url, not_datetime, not_read_datetime) 
					values (200000, 18612, 49923, '예약완료', '파커님 예약완료되었습니다.','https://www.ewwies.com', '2021-03-03 10:00:00','2021-03-03 10:00:30');

insert into Notification (user_id, parking_id, not_type, not_message, not_url, not_datetime, not_read_datetime) 
					values (13166, 49923, '예약', '오너님의 주차장을 누군가 예약했습니다.','https://www.oodffrm.kr', '2021-03-03 10:00:00','2021-03-03 10:00:30');

insert into Notification (user_id, parking_id, not_type, not_message, not_url, not_datetime, not_read_datetime) 
					values (11839, 46120, '메세지', '안 읽은 채팅이 있습니다.','https://www.oorm.org', '2021-03-03 10:50:00','2021-03-03 10:55:00');
				                    
insert into Notification (user_id, parking_id, not_type, not_message, not_url, not_datetime, not_read_datetime) 
					values (10436, 46120, '메세지', '안 읽은 채팅이 있습니다.','https://www.oorm.org', '2021-03-03 10:55:00','2021-03-03 10:56:00');
                    
insert into Notification (user_id, parking_id, not_type, not_message, not_url, not_datetime, not_read_datetime) 
					values (15602, 33867, '예약', '오너님의 주차장을 누군가 예약했습니다.','https://www.oodffrm.kr', '2021-03-03 10:00:00','2021-03-03 10:00:30');